podcast,episode,diarization,survey,agent,finished
Ancient Health Podcast,190: Man's Best Microbiome Buddy—How Dogs Benefit Our Gut Health,"{""SPEAKER_01"": """", ""SPEAKER_02"": """", ""SPEAKER_00"": """"}","{""political"": null}",63fcefec094f31b9a70bc2c0,0
Ancient Health Podcast,190: Man's Best Microbiome Buddy—How Dogs Benefit Our Gut Health,"{""SPEAKER_01"": ""Courtney Versage"", ""SPEAKER_02"": ""Courtney Versage"", ""SPEAKER_00"": ""Dr. Axe""}","{""political"": null}",613f1d6420141eefc3e5f1b0,1
Ancient Health Podcast,190: Man's Best Microbiome Buddy—How Dogs Benefit Our Gut Health,"{""SPEAKER_01"": ""Dr. Josh Axe"", ""SPEAKER_02"": ""Dr. Chris Motley"", ""SPEAKER_00"": ""Courtney Versage""}","{""political"": null}",6127434524838af88552a744,0
Ancient Health Podcast,190: Man's Best Microbiome Buddy—How Dogs Benefit Our Gut Health,"{""SPEAKER_01"": ""Courtney Versage"", ""SPEAKER_02"": ""Courtney"", ""SPEAKER_00"": ""Dr Axe""}","{""political"": null, ""attention"": [173, 53, 174], ""feedback"": ""There were two attention check verbalizations during the podcast (I was not sure whether I should type the attention check text in. This is what I did.""}",6393bb64b9dc37b7cc02a579,1
Ancient Health Podcast,190: Man's Best Microbiome Buddy—How Dogs Benefit Our Gut Health,"{""SPEAKER_01"": ""Courtney Versage"", ""SPEAKER_02"": ""Courtney"", ""SPEAKER_00"": ""Dr Axe""}","{""political"": null, ""attention"": [97, 0, 24], ""feedback"": ""It was quite confusing to understand at first but then I picked up the pace and got through the last bit (after 35) quite quickly. I was confused as to whether i was supposed to edit end of the statement words which came at the end of the previous statement and then repeated in the next statement and the speaker name part is slightly confusing as well.""}",6393c9ca7ee5bf71ec02a5d0,1
Ancient Health Podcast,186. Deep Dive: Navigating Anti-Nutrients and How To Prepare Meals for Optimal Digestion,"{""SPEAKER_01"": """", ""SPEAKER_02"": """", ""SPEAKER_00"": """"}",,63fcefec094f31b9a70bc2c0,0
Ancient Health Podcast,186. Deep Dive: Navigating Anti-Nutrients and How To Prepare Meals for Optimal Digestion,"{""SPEAKER_01"": """", ""SPEAKER_02"": """", ""SPEAKER_00"": """"}","{""political"": null}",63fcefec094f31b9a70bc2c0,0
Ancient Health Podcast,186. Deep Dive: Navigating Anti-Nutrients and How To Prepare Meals for Optimal Digestion,"{""SPEAKER_01"": ""Courtney Versage"", ""SPEAKER_02"": ""Courtney Versage"", ""SPEAKER_00"": ""Dr. Josh Axe""}","{""political"": null}",5e2ff7565cd6b4000b451ad0,1
Ancient Health Podcast,186. Deep Dive: Navigating Anti-Nutrients and How To Prepare Meals for Optimal Digestion,"{""SPEAKER_01"": ""Courtney Versage"", ""SPEAKER_02"": ""Dr. Chris Motley"", ""SPEAKER_00"": "" Dr. Josh Axe""}","{""political"": null, ""attention"": [199, 223], ""feedback"": ""Really interesting podcast, I enjoyed listen to this!""}",6009606726f80266d809bf9a,1
Inside Europe | Deutsche Welle,Inside Europe 27.04.2023,"{""SPEAKER_18"": """", ""SPEAKER_14"": """", ""SPEAKER_06"": """", ""SPEAKER_30"": """", ""SPEAKER_25"": """", ""SPEAKER_20"": """", ""SPEAKER_22"": """", ""SPEAKER_04"": """", ""SPEAKER_07"": """", ""SPEAKER_31"": """", ""SPEAKER_15"": """", ""SPEAKER_26"": """", ""SPEAKER_16"": """", ""SPEAKER_11"": """", ""SPEAKER_32"": """", ""SPEAKER_17"": """", ""SPEAKER_29"": """", ""SPEAKER_13"": """", ""SPEAKER_01"": """", ""SPEAKER_19"": """", ""SPEAKER_23"": """", ""SPEAKER_08"": """", ""SPEAKER_02"": """", ""SPEAKER_10"": """", ""SPEAKER_27"": """", ""SPEAKER_09"": """", ""SPEAKER_03"": """", ""SPEAKER_12"": """", ""SPEAKER_28"": """", ""SPEAKER_24"": """", ""SPEAKER_21"": """", ""SPEAKER_05"": """", ""SPEAKER_00"": """"}","{""political"": ""Neutral / Independent""}",Adam,0
KVALLM,438 Anka Rime er gjest i KVALLM+,"{""SPEAKER_02"": """", ""SPEAKER_00"": """", ""SPEAKER_01"": """"}","{""political"": null}",Håvar,0
KVALLM,438 Anka Rime er gjest i KVALLM+,"{""SPEAKER_02"": """", ""SPEAKER_00"": """", ""SPEAKER_01"": """"}","{""political"": null}",Håvar,0
KVALLM,412 Dette sier blodet 23 Hemoglobin,"{""SPEAKER_00"": ""Morten Munkvik"", ""SPEAKER_01"": ""Kristian Jong H\u00f8ivik""}","{""political"": null}",Håvar,0
KVALLM,411 Dette sier blodet 22 ALAT,"{""SPEAKER_00"": ""Morten Munkvik"", ""SPEAKER_01"": ""Kristian Jung H\u00f8ines""}","{""political"": null}",Håvar,0
KVALLM,410 Dette sier blodet 21 TSH,"{""SPEAKER_01"": """", ""SPEAKER_00"": """"}","{""political"": null}",Håvar,0
KVALLM,409 Dette sier blodet 20 Ferritin,"{""SPEAKER_01"": ""Morten Munkvik"", ""SPEAKER_00"": ""Kristian Jung H\u00f8ines""}","{""political"": null}",Håvar,0
KVALLM,408 Dette sier blodet 19 Leukocytter,"{""SPEAKER_01"": ""Morten Munkvik"", ""SPEAKER_00"": ""Kristian Jung H\u00f8ines""}","{""political"": null}",Håvar,0
KVALLM,406 Dette sier blodet 18 Kalium,"{""SPEAKER_00"": """", ""SPEAKER_01"": """"}","{""political"": null}",Håvar,0
Lage der Nation - der Politik-Podcast aus Berlin,"LdN336 Selenskyj in Berlin, Graichen entlassen, Bremen-Wahl, Klimaschutz-Kommunikation (Prof. Cornelia Betsch, Psychologin), Selbstbestimmungsgesetz, Türkei-Wahl, Sozialwahl, Gesetz für Whistleblower, Jobs bei GFF, Vorsitz GFF","{""SPEAKER_05"": """", ""SPEAKER_06"": """", ""SPEAKER_01"": """", ""SPEAKER_00"": """", ""SPEAKER_03"": """", ""SPEAKER_04"": """", ""SPEAKER_02"": """"}","{""political"": ""Moderate Liberal""}",Vinay,0
Oppdatert,«Putins kokk»: Fra pølsebod til egen hær,"{""SPEAKER_08"": """", ""SPEAKER_02"": """", ""SPEAKER_00"": """", ""SPEAKER_05"": """", ""SPEAKER_04"": """", ""SPEAKER_03"": """", ""SPEAKER_01"": """", ""SPEAKER_07"": """", ""SPEAKER_06"": """", ""SPEAKER_12"": """", ""SPEAKER_10"": """", ""SPEAKER_09"": """", ""SPEAKER_11"": """"}","{""political"": ""Neutral / Independent""}",Adam,0
Pod Save America,Tucker’s War With Fox,"{""SPEAKER_06"": """", ""SPEAKER_02"": """", ""SPEAKER_10"": """", ""SPEAKER_07"": """", ""SPEAKER_09"": """", ""SPEAKER_00"": """", ""SPEAKER_01"": """", ""SPEAKER_04"": """", ""SPEAKER_03"": """", ""SPEAKER_08"": """", ""SPEAKER_05"": """"}","{""political"": null}",63fcefec094f31b9a70bc2c0,0
Pod Save America,Tucker’s War With Fox,"{""SPEAKER_06"": ""Jon Favreau"", ""SPEAKER_02"": ""Jon Lovett"", ""SPEAKER_10"": """", ""SPEAKER_07"": """", ""SPEAKER_09"": """", ""SPEAKER_00"": """", ""SPEAKER_01"": """", ""SPEAKER_04"": """", ""SPEAKER_03"": """", ""SPEAKER_08"": """", ""SPEAKER_05"": """"}","{""political"": null}",5beec40b1e36530001609d2e,0
Pod Save America,Tucker’s War With Fox,"{""SPEAKER_06"": """", ""SPEAKER_02"": """", ""SPEAKER_10"": """", ""SPEAKER_07"": """", ""SPEAKER_09"": """", ""SPEAKER_00"": """", ""SPEAKER_01"": """", ""SPEAKER_04"": """", ""SPEAKER_03"": """", ""SPEAKER_08"": """", ""SPEAKER_05"": """"}","{""political"": null}",5e93825b69f077000b898a28,0
Pod Save America,Tucker’s War With Fox,"{""SPEAKER_06"": ""Jon Favreau"", ""SPEAKER_02"": ""Jon Lovett"", ""SPEAKER_10"": ""Tommy Vitor"", ""SPEAKER_07"": ""Jon Favreau"", ""SPEAKER_09"": ""Matt Gaetz"", ""SPEAKER_00"": ""Dick Durbin"", ""SPEAKER_01"": ""Nish Kumar"", ""SPEAKER_04"": ""Unknown"", ""SPEAKER_03"": ""Donald Trump"", ""SPEAKER_08"": ""Ron Desantis"", ""SPEAKER_05"": ""Jake Tapper""}","{""political"": null, ""feedback"": ""Took longer than mentioned. ""}",62b0e8841b9e4f974007ca98,1
Pod Save America,Tucker’s War With Fox,"{""SPEAKER_06"": """", ""SPEAKER_02"": """", ""SPEAKER_10"": """", ""SPEAKER_07"": """", ""SPEAKER_09"": """", ""SPEAKER_00"": """", ""SPEAKER_01"": """", ""SPEAKER_04"": """", ""SPEAKER_03"": """", ""SPEAKER_08"": """", ""SPEAKER_05"": """"}","{""political"": null}",58e9538908dc910001901f6b,0
Pod Save America,Tucker’s War With Fox,"{""SPEAKER_06"": ""Jon Favreau"", ""SPEAKER_02"": ""Jon Lovett"", ""SPEAKER_10"": ""Tommy Vietor"", ""SPEAKER_07"": ""Tommy Vietor"", ""SPEAKER_09"": ""Matt Gaetz"", ""SPEAKER_00"": ""Jon Favreau"", ""SPEAKER_01"": ""Nish Kumar"", ""SPEAKER_04"": ""Roberta Kaplan"", ""SPEAKER_03"": ""Donald Trump"", ""SPEAKER_08"": ""Ron DeSantis"", ""SPEAKER_05"": ""UNKNOWN""}","{""political"": null, ""feedback"": ""Jeepers creepers this took a long time. These guys have been on my todo\nlist for new podcasts to try out, and so I justified the length. It\nwould be wicked cool to have the option to select the podcast prior to\nthe task. Just a thought if you expand the task beyond the pilot stage.\n\n\nI was surprised by how well the interface could cycle through the entire\n1000 sections. I liked the simple design, but the lack of some features\nreally made the task way more difficult than I anticipated.\n\nFeedback and suggestions are listed below. That is all I have for now.\nThanks for the HIT and good luck with the research!\n\nIssues\n------\n\nThe text input area should not listen for navigation keys. This way you\ncan use shortcut combos for previous word delete and text select with\nshift/alt/ctrl + backspace/arrow keys.\n\n\nThere is no way to navigate the cursor in the text box. If you press \nleft/right, the player navigates to the next audio section. \n\n\nThere is no way to focus the text edit section except for clicking. It\nwould extremely helpful to have a way to switch to edit mode and focus\nthe cursor inside the text box.\n\nRequests\n--------\n\n## Shortcut Requests ##\n\n- Playback Speed++\n- Playback Speed--\n- Goto Snippet # \n- Edit Snippet\n- Save Snippet\n- Play\n- Pause\n- Global search\n\n## Feature Requests ##\n\n#1# Find and Replace: \nHelpful to handle global transcription errors\nExample: \""Pod Save the UK\"" spelled as \""Podsai go the UK\"" in all instances. \n- Regex patterns preferred\n\n#2# Goto Snippet Number:\nDirect navigation rather than clicking through the entire consecutive list. \nHelpful when reviewing the submission for quick access to missed sections. \n\n#3# Loop Snippet:\nIt is not helpful if the audio plays beyond the duration limits of the text annotations. \nHelpful to limit the scope of playback to +1s beyond the timestamps of the snippet. \n\n#4# Text Highlighting:\nLess important, but still helpful.\nA simple pattern like \""([[:alpha:][:blank:],-]+\\b)\\1\"" could identify and highlight repeated words.\nExample: well, well, \n""}",5d453e8723a5bb0001492546,1
Pod Save America,Tucker’s War With Fox,"{""SPEAKER_06"": """", ""SPEAKER_02"": """", ""SPEAKER_10"": """", ""SPEAKER_07"": """", ""SPEAKER_09"": """", ""SPEAKER_00"": """", ""SPEAKER_01"": """", ""SPEAKER_04"": """", ""SPEAKER_03"": """", ""SPEAKER_08"": """", ""SPEAKER_05"": """"}",,63fcefec094f31b9a70bc2c0,0
Pod Save America,Tucker’s War With Fox,"{""SPEAKER_06"": """", ""SPEAKER_02"": """", ""SPEAKER_10"": """", ""SPEAKER_07"": """", ""SPEAKER_09"": """", ""SPEAKER_00"": """", ""SPEAKER_01"": """", ""SPEAKER_04"": """", ""SPEAKER_03"": """", ""SPEAKER_08"": """", ""SPEAKER_05"": """"}","{""political"": null}",63fcefec094f31b9a70bc2c0,0
Pod Save America,Tucker’s War With Fox,"{""SPEAKER_06"": """", ""SPEAKER_02"": """", ""SPEAKER_10"": """", ""SPEAKER_07"": """", ""SPEAKER_09"": """", ""SPEAKER_00"": """", ""SPEAKER_01"": """", ""SPEAKER_04"": """", ""SPEAKER_03"": """", ""SPEAKER_08"": """", ""SPEAKER_05"": """"}","{""political"": null}",James,0
Pod Save America,Tucker’s War With Fox,"{""SPEAKER_06"": """", ""SPEAKER_02"": """", ""SPEAKER_10"": """", ""SPEAKER_07"": """", ""SPEAKER_09"": """", ""SPEAKER_00"": """", ""SPEAKER_01"": """", ""SPEAKER_04"": """", ""SPEAKER_03"": """", ""SPEAKER_08"": """", ""SPEAKER_05"": """"}","{""political"": null}",Kimberly,0
Pod Save America,Tucker’s War With Fox,"{""SPEAKER_06"": """", ""SPEAKER_02"": """", ""SPEAKER_10"": """", ""SPEAKER_07"": """", ""SPEAKER_09"": """", ""SPEAKER_00"": """", ""SPEAKER_01"": """", ""SPEAKER_04"": """", ""SPEAKER_03"": """", ""SPEAKER_08"": """", ""SPEAKER_05"": """"}",,62dc6fd89dd8473b3671357e,0
Pod Save America,Tucker’s War With Fox,"{""SPEAKER_06"": ""Jon Favreau"", ""SPEAKER_02"": ""Jon Lovett"", ""SPEAKER_10"": ""Tommy Vitor"", ""SPEAKER_07"": """", ""SPEAKER_09"": """", ""SPEAKER_00"": """", ""SPEAKER_01"": """", ""SPEAKER_04"": """", ""SPEAKER_03"": """", ""SPEAKER_08"": """", ""SPEAKER_05"": """"}","{""political"": null}",5bb09ecf6322c50001584d36,0
Pod Save America,Tucker’s War With Fox,"{""SPEAKER_06"": """", ""SPEAKER_02"": """", ""SPEAKER_10"": """", ""SPEAKER_07"": """", ""SPEAKER_09"": """", ""SPEAKER_00"": """", ""SPEAKER_01"": """", ""SPEAKER_04"": """", ""SPEAKER_03"": """", ""SPEAKER_08"": """", ""SPEAKER_05"": """"}","{""political"": null}",6117045a1f34c370a1b8066d,0
Pod Save America,Tucker’s War With Fox,"{""SPEAKER_06"": ""Jon Favreau"", ""SPEAKER_02"": ""Jon Lovett"", ""SPEAKER_10"": ""tt, Tommy Vitor"", ""SPEAKER_07"": ""Unsure"", ""SPEAKER_09"": ""Interviewer"", ""SPEAKER_00"": ""Dick Durbin"", ""SPEAKER_01"": ""Nish Kumar'm"", ""SPEAKER_04"": ""Attorney"", ""SPEAKER_03"": ""Donald Trump"", ""SPEAKER_08"": ""Ron DeSantis"", ""SPEAKER_05"": ""Jake Tapper""}","{""political"": null}",64018f4d1a16dfe2b0f7c552,1
Pod Save America,Tucker’s War With Fox,"{""SPEAKER_06"": ""Jon Favreau"", ""SPEAKER_02"": ""Jon Lovett"", ""SPEAKER_10"": ""Tommy Vitor"", ""SPEAKER_07"": ""UNKNOWN"", ""SPEAKER_09"": ""Matt Gaetz"", ""SPEAKER_00"": ""Dick Durbin"", ""SPEAKER_01"": ""Nish Kumar"", ""SPEAKER_04"": ""E. Jean Carroll's attorney"", ""SPEAKER_03"": ""Donald Trump"", ""SPEAKER_08"": ""Ron DeSantis"", ""SPEAKER_05"": ""Jake Tapper""}","{""political"": null, ""feedback"": ""This was absurdly long and even if the maximum time limit in Prolific was doubled, it may still be too short to complete it, let alone get fair pay for it. I had already invested too much time and effort into it when I had done the math and figured out that was the case, and returning it or letting the time expire would only send it back to the queue for someone else to have the same experience, so I decided to spend 5 and a half hours completing it. This definitely needs to be re-timed taking into account that the cuts of the dialogues aren't perfectly timed, so often we have to listen to the previous clip in its entirety to properly hear the first word of the current clip as well as time it takes to listen multiple times when there are words that are wrong and the time it takes to correct the transcription, to go back and fix mistakes on previous pages if something was missed or new information gives new context to something previously heard, and to ensure that nobody rushes through it and makes mistakes or messy work along the way. Transcription work should be expensive because it is hard work that takes much, much longer than the duration of the actual audio, and it also takes a keen ear and skill in English grammatical structure and spelling. I also kept worrying that an error or crash might erase all of my progress as I have no idea whether this was saving my work along the way. ""}",59dc458f77860e000151240e,1
Pod Save America,Trump’s Surprise Q-chella Set,"{""SPEAKER_05"": """", ""SPEAKER_04"": """", ""SPEAKER_03"": """", ""SPEAKER_00"": """", ""SPEAKER_02"": """", ""SPEAKER_01"": """"}",,63fcefec094f31b9a70bc2c0,0
Pod Save America,Trump’s Surprise Q-chella Set,"{""SPEAKER_05"": """", ""SPEAKER_04"": """", ""SPEAKER_03"": """", ""SPEAKER_00"": """", ""SPEAKER_02"": """", ""SPEAKER_01"": """"}","{""political"": null}",63fcefec094f31b9a70bc2c0,0
Pod Save America,Trump’s Surprise Q-chella Set,"{""SPEAKER_05"": """", ""SPEAKER_04"": """", ""SPEAKER_03"": """", ""SPEAKER_00"": """", ""SPEAKER_02"": """", ""SPEAKER_01"": """"}","{""political"": null}",63fcefec094f31b9a70bc2c0,0
Pod Save America,Trump’s Surprise Q-chella Set,"{""SPEAKER_05"": """", ""SPEAKER_04"": """", ""SPEAKER_03"": """", ""SPEAKER_00"": """", ""SPEAKER_02"": """", ""SPEAKER_01"": """"}","{""political"": null}",63fcefec094f31b9a70bc2c0,0
Pod Save America,Trump’s Surprise Q-chella Set,"{""SPEAKER_05"": """", ""SPEAKER_04"": """", ""SPEAKER_03"": """", ""SPEAKER_00"": """", ""SPEAKER_02"": """", ""SPEAKER_01"": """"}","{""political"": null}",63fcefec094f31b9a70bc2c0,0
Pod Save America,Trump’s Surprise Q-chella Set,"{""SPEAKER_05"": """", ""SPEAKER_04"": """", ""SPEAKER_03"": """", ""SPEAKER_00"": """", ""SPEAKER_02"": """", ""SPEAKER_01"": """"}",,63fcefec094f31b9a70bc2c0,0
Pod Save America,Trump’s Surprise Q-chella Set,"{""SPEAKER_05"": """", ""SPEAKER_04"": """", ""SPEAKER_03"": """", ""SPEAKER_00"": """", ""SPEAKER_02"": """", ""SPEAKER_01"": """"}","{""political"": null}",63fcefec094f31b9a70bc2c0,0
Pod Save America,Trump’s Surprise Q-chella Set,"{""SPEAKER_05"": """", ""SPEAKER_04"": """", ""SPEAKER_03"": """", ""SPEAKER_00"": """", ""SPEAKER_02"": """", ""SPEAKER_01"": """"}",,63fcefec094f31b9a70bc2c0,0
Pod Save America,Trump’s Surprise Q-chella Set,"{""SPEAKER_05"": """", ""SPEAKER_04"": """", ""SPEAKER_03"": """", ""SPEAKER_00"": """", ""SPEAKER_02"": """", ""SPEAKER_01"": """"}","{""political"": null}",63fcefec094f31b9a70bc2c0,0
Pod Save America,Trump’s Surprise Q-chella Set,"{""SPEAKER_05"": """", ""SPEAKER_04"": """", ""SPEAKER_03"": """", ""SPEAKER_00"": """", ""SPEAKER_02"": """", ""SPEAKER_01"": """"}","{""political"": null}",56b3c3692bac74000d89e253,0
Pod Save America,Trump’s Surprise Q-chella Set,"{""SPEAKER_05"": ""Jon Favreau Bob Vander Plaats"", ""SPEAKER_04"": ""Ron DeSantis? Mike Flynn' "", ""SPEAKER_03"": ""John Lovett"", ""SPEAKER_00"": ""John"", ""SPEAKER_02"": ""Tommy Vitor"", ""SPEAKER_01"": ""Jon Levin""}","{""political"": null}",5e378948cd9d1670b2b86a51,0
Pod Save America,Trump’s Surprise Q-chella Set,"{""SPEAKER_05"": ""Jon Favreau, Jon Levin"", ""SPEAKER_04"": ""Unable to determine?"", ""SPEAKER_03"": ""Tommy Vitor"", ""SPEAKER_00"": ""Anderson Clayton"", ""SPEAKER_02"": ""James comer, Maria Bartiromo"", ""SPEAKER_01"": ""Donald Trump""}","{""political"": null, ""attention"": [149, 488, 503, 686, 357], ""feedback"": ""The timeframe to complete this project was definitely not enough for me as it takes a significant amount of time to transcribe every sentence in a hour-long podcast. I hope I can still be compensated for completing this project, even though I did not complete it in the timeframe I was allotted on prolific. Thank you very much!""}",5f469dcf5fcb5d0355771013,1
Pod Save America,Trump’s Surprise Q-chella Set,"{""SPEAKER_05"": ""Jon Favreau"", ""SPEAKER_04"": """", ""SPEAKER_03"": """", ""SPEAKER_00"": """", ""SPEAKER_02"": """", ""SPEAKER_01"": """"}","{""political"": null}",62c71e41af2bc57590b548e8,0
Pod Save America,Trump’s Surprise Q-chella Set,"{""SPEAKER_05"": ""Jon Favreau"", ""SPEAKER_04"": ""Jon Levin"", ""SPEAKER_03"": ""Tommy Vitor"", ""SPEAKER_00"": ""Anderson Clayton"", ""SPEAKER_02"": ""Maria Bartiromo"", ""SPEAKER_01"": ""Donald Trump""}","{""political"": null}",613d6de8392f0477cf536c67,1
Pod Save America,Trump’s Surprise Q-chella Set,"{""SPEAKER_05"": ""Jon Favreau"", ""SPEAKER_04"": ""Jon Lovett"", ""SPEAKER_03"": ""Tommy Vietor"", ""SPEAKER_00"": ""Anderson Clayton"", ""SPEAKER_02"": ""James Comer"", ""SPEAKER_01"": ""Donald Trump""}","{""political"": null, ""attention"": [212, 437, 845, 854], ""feedback"": ""I love this study type. I was able to participate in an earlier Pilot Program, and I enjoy verifying these automatic transcriptions. My only struggle with completing this study was that I didn't find any directions for how to handle the attention checks at Sentences 213, 438, 846, and 855. I wasn't sure whether I was intended to transcribe them or not. There weren't any attention checks in the previous Pilot study I completed, and this version of the study doesn't appear to contain instructions for how to process them as they come up. For this reason, I decided to label the transcription at those 4 sentences as \""Unsure\"", because I was unclear as to whether I was supposed to somehow find the original audio somewhere in the audio player (which would be inconvenient, if so, it's very difficult to listen to the original audio without hearing the \""This is an attention check\"" audio) or whether I was intended to only transcribe what I heard, in which case the expectation would be that I Edit the transcription to read \""This is an attention check\"". I wasn't sure what to do there. Once that's corrected, I would love to continue to participate in the future. I understand the process of development can be very, very tricky and deceptively difficult to find errors, so I hope my feedback helps! Again, long ago, I have done some very poorly-paying transcription work, and this seems like a much better way to handle the process of transcription. I love how this study uses AI to speed up the manual process of transcription while relying on the work of an AI evaluator to ensure that the transcription is up to par and as correct as possible. I look forward to participating in this study again, and hopefully I can continue to monitor the progress of this transcription program and offer feedback for your development process!""}",6283f8c5dc230fe36cecf6aa,1
Pod Save America,Trump’s CNN Clown Hall,"{""SPEAKER_02"": """", ""SPEAKER_00"": """", ""SPEAKER_03"": """", ""SPEAKER_04"": """", ""SPEAKER_01"": """"}","{""political"": null}",63fcefec094f31b9a70bc2c0,0
Pod Save America,Trump’s CNN Clown Hall,"{""SPEAKER_02"": """", ""SPEAKER_00"": """", ""SPEAKER_03"": """", ""SPEAKER_04"": """", ""SPEAKER_01"": """"}","{""political"": null}",6392555a9838cc65a9c829ef,0
Pod Save America,Trump’s CNN Clown Hall,"{""SPEAKER_02"": """", ""SPEAKER_00"": """", ""SPEAKER_03"": """", ""SPEAKER_04"": """", ""SPEAKER_01"": """"}","{""political"": null}",5d54d5d907e8740018e56545,0
Pod Save America,Trump’s CNN Clown Hall,"{""SPEAKER_02"": ""unknown"", ""SPEAKER_00"": ""Jon Favreau"", ""SPEAKER_03"": ""unknown"", ""SPEAKER_04"": ""unknown"", ""SPEAKER_01"": ""Dan Pfeifer""}","{""political"": null}",5d58d7d6280de7001aa7952a,0
Pod Save America,Trump’s CNN Clown Hall,"{""SPEAKER_02"": """", ""SPEAKER_00"": """", ""SPEAKER_03"": """", ""SPEAKER_04"": """", ""SPEAKER_01"": """"}","{""political"": null}",61084d5606f7f1e9239785a2,0
Pod Save America,Trump’s CNN Clown Hall,"{""SPEAKER_02"": ""Dara Lind"", ""SPEAKER_00"": ""Jon Favreau "", ""SPEAKER_03"": ""Donald Trump"", ""SPEAKER_04"": ""Kaitlin Collins"", ""SPEAKER_01"": ""Dan Pfeiffer ""}","{""political"": null}",63251e479509813fab713ad2,1
Pod Save America,Trump’s CNN Clown Hall,"{""SPEAKER_02"": """", ""SPEAKER_00"": """", ""SPEAKER_03"": """", ""SPEAKER_04"": """", ""SPEAKER_01"": """"}","{""political"": null}",63fcefec094f31b9a70bc2c0,0
Pod Save America,Trump’s CNN Clown Hall,"{""SPEAKER_02"": """", ""SPEAKER_00"": """", ""SPEAKER_03"": """", ""SPEAKER_04"": """", ""SPEAKER_01"": """"}",,James,0
Pod Save America,Trump’s CNN Clown Hall,"{""SPEAKER_02"": """", ""SPEAKER_00"": """", ""SPEAKER_03"": """", ""SPEAKER_04"": """", ""SPEAKER_01"": """"}",,Kimberly,0
Pod Save America,Trump’s CNN Clown Hall,"{""SPEAKER_02"": """", ""SPEAKER_00"": """", ""SPEAKER_03"": """", ""SPEAKER_04"": """", ""SPEAKER_01"": """"}","{""political"": null}",5ee09c1a0c2ad1027f541f53,0
Pod Save America,Trump’s CNN Clown Hall,"{""SPEAKER_02"": ""Donald Trump"", ""SPEAKER_00"": ""Jon Favreau"", ""SPEAKER_03"": ""Kaitlan Collins"", ""SPEAKER_04"": ""Dara Lind"", ""SPEAKER_01"": ""Dan Pfeiffer""}","{""political"": null}",5c47cab451c26300012cdd41,1
Pod Save America,Trump’s CNN Clown Hall,"{""SPEAKER_02"": """", ""SPEAKER_00"": """", ""SPEAKER_03"": """", ""SPEAKER_04"": """", ""SPEAKER_01"": """"}","{""political"": null}",55132578fdf99b1b0568bdb8,0
Pod Save America,Trump’s CNN Clown Hall,"{""SPEAKER_02"": ""Jon Favreau"", ""SPEAKER_00"": ""Dan Pfieffer"", ""SPEAKER_03"": ""Donald Trump"", ""SPEAKER_04"": ""Kaitlan Collins"", ""SPEAKER_01"": ""Dara Lind""}","{""political"": null, ""feedback"": ""Thank you for having me.""}",60bd4bfc88b646e72d772977,1
Pod Save America,Trump’s CNN Clown Hall,"{""SPEAKER_02"": ""Jon Favreau"", ""SPEAKER_00"": ""Dan Pfeiffer"", ""SPEAKER_03"": ""Donald Trump"", ""SPEAKER_04"": ""Kaitlin Collins?"", ""SPEAKER_01"": ""Dara Lind""}","{""political"": null, ""feedback"": ""I greatly enjoyed doing this very long task! I think I might be faster at completing it if it comes up again in the future as a study for me to complete!""}",6283f8c5dc230fe36cecf6aa,1
Pod Save America,Trump’s CNN Clown Hall,"{""SPEAKER_02"": """", ""SPEAKER_00"": """", ""SPEAKER_03"": """", ""SPEAKER_04"": """", ""SPEAKER_01"": """"}",,Adam,0
Pod Save America,Democrats Go Off In An Off Year,"{""SPEAKER_00"": """", ""SPEAKER_01"": """", ""SPEAKER_04"": """", ""SPEAKER_02"": """", ""SPEAKER_03"": """"}","{""political"": null}",63fcefec094f31b9a70bc2c0,0
Pod Save America,Democrats Go Off In An Off Year,"{""SPEAKER_00"": """", ""SPEAKER_01"": """", ""SPEAKER_04"": """", ""SPEAKER_02"": """", ""SPEAKER_03"": """"}","{""political"": null}",63fcefec094f31b9a70bc2c0,0
Pod Save America,Democrats Go Off In An Off Year,"{""SPEAKER_00"": """", ""SPEAKER_01"": """", ""SPEAKER_04"": """", ""SPEAKER_02"": """", ""SPEAKER_03"": """"}","{""political"": null}",63fcefec094f31b9a70bc2c0,0
Pod Save America,Democrats Go Off In An Off Year,"{""SPEAKER_00"": ""Jon Favreau"", ""SPEAKER_01"": ""Dan Pfeiffer"", ""SPEAKER_04"": ""Daniel Cameron"", ""SPEAKER_02"": ""Elijah Cohn"", ""SPEAKER_03"": ""Anant Shankar Osorio""}","{""political"": null}",60903d8d7b7cd7027d556ebb,1
Pod Save America,Democrats Go Off In An Off Year,"{""SPEAKER_00"": ""Jon Favreau"", ""SPEAKER_01"": ""Dan Pfeiffer"", ""SPEAKER_04"": """", ""SPEAKER_02"": """", ""SPEAKER_03"": """"}","{""political"": null}",63c7d37a9a6e45fae826e7d7,0
Pod Save America,Democrats Go Off In An Off Year,"{""SPEAKER_00"": ""Jon Favreau"", ""SPEAKER_01"": ""Dan Pfeiffer"", ""SPEAKER_04"": ""Joe Biden"", ""SPEAKER_02"": ""Elijah Cone"", ""SPEAKER_03"": ""Anat Shenker-Osorio""}","{""political"": null}",5d7bde81c7390f00169b2fdf,1
Politisk kvarter,SV beskyldes for oljekupp,"{""SPEAKER_00"": """", ""SPEAKER_03"": """", ""SPEAKER_02"": """", ""SPEAKER_01"": """"}","{""political"": null}",Adam,0
Politisk kvarter,SV beskyldes for oljekupp,"{""SPEAKER_00"": ""Hildegunn Blindheim"", ""SPEAKER_03"": ""Bj\u00f8rn Myklebust"", ""SPEAKER_02"": """", ""SPEAKER_01"": """"}","{""political"": ""Neutral / Independent""}",Adam,0
Politisk kvarter,Høyre angripes fra Venstre og regjeringen,"{""SPEAKER_05"": """", ""SPEAKER_04"": """", ""SPEAKER_02"": """", ""SPEAKER_03"": """", ""SPEAKER_00"": """", ""SPEAKER_01"": """"}","{""political"": null}",Adam,0
Stetoskopet – Tidsskriftets podkast,Laterale ankelligamentskader,"{""SPEAKER_01"": ""Synne Muggerud S\u00f8rensen"", ""SPEAKER_00"": ""Ole Kristian Bruun""}","{""political"": null}",Håvar,0
The Daily,The U.S. Banned Spyware — and Then Kept Trying to Use It,"{""SPEAKER_04"": """", ""SPEAKER_03"": """", ""SPEAKER_01"": """", ""SPEAKER_00"": """", ""SPEAKER_05"": """", ""SPEAKER_02"": """"}","{""political"": null}",63fcefec094f31b9a70bc2c0,0
The Daily,The U.S. Banned Spyware — and Then Kept Trying to Use It,"{""SPEAKER_04"": """", ""SPEAKER_03"": """", ""SPEAKER_01"": """", ""SPEAKER_00"": """", ""SPEAKER_05"": """", ""SPEAKER_02"": """"}","{""political"": null}",5db06d3018230d00150d3fd2,0
The Daily,The U.S. Banned Spyware — and Then Kept Trying to Use It,"{""SPEAKER_04"": ""Sabrina Tavernisi "", ""SPEAKER_03"": ""Mark Mazzetti"", ""SPEAKER_01"": ""Mark Mazzetti"", ""SPEAKER_00"": ""Sabrina Tavernisi"", ""SPEAKER_05"": ""Mark Mazzetti"", ""SPEAKER_02"": ""Sabrina Tavernisi""}","{""political"": null}",614f86b9efcf777c2fc33bbc,0
The Daily,The U.S. Banned Spyware — and Then Kept Trying to Use It,"{""SPEAKER_04"": ""Sabrina Tavernisi"", ""SPEAKER_03"": """", ""SPEAKER_01"": """", ""SPEAKER_00"": """", ""SPEAKER_05"": """", ""SPEAKER_02"": """"}","{""political"": null}",62bb5f8e69db3057664fbed3,0
The Daily,The U.S. Banned Spyware — and Then Kept Trying to Use It,"{""SPEAKER_04"": ""Sabrina Tavernise"", ""SPEAKER_03"": ""Mark Mazzetti"", ""SPEAKER_01"": ""unknown"", ""SPEAKER_00"": ""unknown"", ""SPEAKER_05"": ""unknown"", ""SPEAKER_02"": ""unknown""}","{""political"": null, ""attention"": [165, 129], ""feedback"": ""This task took significantly longer than there was payment for the amount of effort that was involved. This was an extremely involved task, and not particularly normal for what is expected on prolific. If you are expecting this level of interacting with your tasks, you need to be paying in the range of \u00a39.00 per hour or more. This task should have been a minimum of \u00a35.50-6 all the way up to \u00a37.50 to be fair for the amount of effort. This is literally editing your podcast transcriptions for you.""}",641f37e126bc408648ad6998,1
The Daily,The Day Title 42 Ended,"{""SPEAKER_03"": """", ""SPEAKER_02"": """", ""SPEAKER_01"": """", ""SPEAKER_00"": """", ""SPEAKER_04"": """"}","{""political"": null}",63fcefec094f31b9a70bc2c0,0
The Daily,The Day Title 42 Ended,"{""SPEAKER_03"": """", ""SPEAKER_02"": """", ""SPEAKER_01"": """", ""SPEAKER_00"": """", ""SPEAKER_04"": """"}",,5f8ac3760d1aa703601582ef,0
The Daily,The Day Title 42 Ended,"{""SPEAKER_03"": ""Michael Barbaro"", ""SPEAKER_02"": ""UNKNOWN"", ""SPEAKER_01"": ""Natalie Kitcheoff"", ""SPEAKER_00"": ""UNKNOWN"", ""SPEAKER_04"": ""UNKNOWN""}","{""political"": null}",5db598f48cf15c000b57eb36,1
The Daily,The Day Title 42 Ended,"{""SPEAKER_03"": """", ""SPEAKER_02"": """", ""SPEAKER_01"": """", ""SPEAKER_00"": """", ""SPEAKER_04"": """"}","{""political"": null}",5f8bad1242efeb2f49156f51,0
The Daily,The Day Title 42 Ended,"{""SPEAKER_03"": ""Michael Barbaro"", ""SPEAKER_02"": ""Michael Barbaro"", ""SPEAKER_01"": ""Natalie Kitchoeff"", ""SPEAKER_00"": ""Wasn't mentioned"", ""SPEAKER_04"": ""Wasn't mentioned""}","{""political"": null, ""attention"": [206, 82, 67], ""feedback"": ""So I was confused about what to do for the audio that said attention check, since I was supposed to transcribe what I heard I typed out \""This is an attention check.\"" for the statements that played audio saying that I think that is what I was supposed to do but I'm not sure. Also There were not multiple different people speaking there were only two I labeled those names and for the speakers that weren't mentioned I wrote \""Wasn't mentioned\"" since I had to enter something in order to submit.""}",6074b929f753216d88c77e88,1
The Daily,Biden’s Radical Option to End the Debt Fight,"{""SPEAKER_04"": """", ""SPEAKER_02"": """", ""SPEAKER_03"": """", ""SPEAKER_00"": """", ""SPEAKER_01"": """"}",,63fcefec094f31b9a70bc2c0,0
The Daily,Biden’s Radical Option to End the Debt Fight,"{""SPEAKER_04"": ""Sabrina Tavernise"", ""SPEAKER_02"": ""Joe Biden"", ""SPEAKER_03"": ""Jim Tankersley"", ""SPEAKER_00"": ""UNKNOWN"", ""SPEAKER_01"": ""UNKNOWN""}","{""political"": null}",5db598f48cf15c000b57eb36,1
The Daily,Biden’s Radical Option to End the Debt Fight,"{""SPEAKER_04"": ""Sabrina Tavernese"", ""SPEAKER_02"": ""Joe Biden"", ""SPEAKER_03"": ""Jim Tankersley"", ""SPEAKER_00"": ""Obama"", ""SPEAKER_01"": ""UNKNOWN""}","{""political"": null}",61103c2b7810420e5f23f437,1
"The Doctor's Farmacy with Mark Hyman, M.D.",Is Hormonal Imbalance The Cause Of Your Resistance To Weight Loss?,"{""SPEAKER_01"": """", ""SPEAKER_00"": """"}",,63fcefec094f31b9a70bc2c0,0
"The Doctor's Farmacy with Mark Hyman, M.D.",Is Hormonal Imbalance The Cause Of Your Resistance To Weight Loss?,"{""SPEAKER_01"": """", ""SPEAKER_00"": """"}","{""political"": null}",63fcefec094f31b9a70bc2c0,0
"The Doctor's Farmacy with Mark Hyman, M.D.",Is Hormonal Imbalance The Cause Of Your Resistance To Weight Loss?,"{""SPEAKER_01"": """", ""SPEAKER_00"": """"}","{""political"": null}",63fcefec094f31b9a70bc2c0,0
"The Doctor's Farmacy with Mark Hyman, M.D.",Is Hormonal Imbalance The Cause Of Your Resistance To Weight Loss?,"{""SPEAKER_01"": """", ""SPEAKER_00"": """"}","{""political"": null}",63fcefec094f31b9a70bc2c0,0
"The Doctor's Farmacy with Mark Hyman, M.D.",Is Hormonal Imbalance The Cause Of Your Resistance To Weight Loss?,"{""SPEAKER_01"": ""Unknown"", ""SPEAKER_00"": ""Dr. Mark Hyman""}","{""political"": null}",62ec764dc55e2bc68f0973c4,1
"The Doctor's Farmacy with Mark Hyman, M.D.",Is Hormonal Imbalance The Cause Of Your Resistance To Weight Loss?,"{""SPEAKER_01"": ""External Advertiser (imf.org)"", ""SPEAKER_00"": ""Mark Hyman, M.D.""}","{""political"": null}",5c683cd8c643f400012ea0dc,1
"The Doctor's Farmacy with Mark Hyman, M.D.",How To Stay Asleep And Sleep More Deeply,"{""SPEAKER_00"": """", ""SPEAKER_01"": """"}",,63fcefec094f31b9a70bc2c0,0
"The Doctor's Farmacy with Mark Hyman, M.D.",How To Stay Asleep And Sleep More Deeply,"{""SPEAKER_00"": """", ""SPEAKER_01"": """"}","{""political"": null}",63fcefec094f31b9a70bc2c0,0
"The Doctor's Farmacy with Mark Hyman, M.D.",How To Stay Asleep And Sleep More Deeply,"{""SPEAKER_00"": """", ""SPEAKER_01"": """"}",,63fcefec094f31b9a70bc2c0,0
"The Doctor's Farmacy with Mark Hyman, M.D.",How To Stay Asleep And Sleep More Deeply,"{""SPEAKER_00"": """", ""SPEAKER_01"": """"}","{""political"": null}",5df2f36b617219204de98060,0
"The Doctor's Farmacy with Mark Hyman, M.D.",How To Stay Asleep And Sleep More Deeply,"{""SPEAKER_00"": """", ""SPEAKER_01"": """"}","{""political"": null}",63dc20867321a34c12c8a77b,0
"The Doctor's Farmacy with Mark Hyman, M.D.",How To Stay Asleep And Sleep More Deeply,"{""SPEAKER_00"": ""Dr. Mark Hyman"", ""SPEAKER_01"": ""UNKNOWN""}","{""political"": null}",60ff8ef5687d522fc499537b,1
"The Doctor's Farmacy with Mark Hyman, M.D.",How To Stay Asleep And Sleep More Deeply,"{""SPEAKER_00"": ""Narrator"", ""SPEAKER_01"": ""Dr. Mark Hyman""}","{""political"": null}",631b4e3dc9337c6f76377bf8,1
The Fox News Rundown,Evening Edition: Will The Israel-Gaza Ceasefire Last Or Is A Worse Conflict Coming?,"{""SPEAKER_02"": ""\u00e5oohu\u00e6\u00e6"", ""SPEAKER_00"": ""asdfasd"", ""SPEAKER_01"": ""asdf"", ""SPEAKER_03"": ""asdadff""}","{""political"": null, ""attention"": [30, 43], ""feedback"": ""I'm a loser""}",loser,1
The Fox News Rundown,Evening Edition: Will The Israel-Gaza Ceasefire Last Or Is A Worse Conflict Coming?,"{""SPEAKER_02"": """", ""SPEAKER_00"": """", ""SPEAKER_01"": """", ""SPEAKER_03"": """"}","{""political"": null}",63fcefec094f31b9a70bc2c0,0
The Fox News Rundown,Evening Edition: Will The Israel-Gaza Ceasefire Last Or Is A Worse Conflict Coming?,"{""SPEAKER_02"": """", ""SPEAKER_00"": """", ""SPEAKER_01"": """", ""SPEAKER_03"": """"}",,63fcefec094f31b9a70bc2c0,0
The Fox News Rundown,Evening Edition: Will The Israel-Gaza Ceasefire Last Or Is A Worse Conflict Coming?,"{""SPEAKER_02"": """", ""SPEAKER_00"": """", ""SPEAKER_01"": """", ""SPEAKER_03"": """"}","{""political"": null}",63fcefec094f31b9a70bc2c0,0
The Fox News Rundown,Evening Edition: Will The Israel-Gaza Ceasefire Last Or Is A Worse Conflict Coming?,"{""SPEAKER_02"": """", ""SPEAKER_00"": """", ""SPEAKER_01"": """", ""SPEAKER_03"": """"}","{""political"": null}",63fcefec094f31b9a70bc2c0,0
The Fox News Rundown,Evening Edition: Will The Israel-Gaza Ceasefire Last Or Is A Worse Conflict Coming?,"{""SPEAKER_02"": """", ""SPEAKER_00"": """", ""SPEAKER_01"": """", ""SPEAKER_03"": """"}","{""political"": null}",63fcefec094f31b9a70bc2c0,0
The Fox News Rundown,Evening Edition: Will The Israel-Gaza Ceasefire Last Or Is A Worse Conflict Coming?,"{""SPEAKER_02"": ""Will Cain"", ""SPEAKER_00"": ""Jimmy Fallon"", ""SPEAKER_01"": ""Rachel Campos-Duffy"", ""SPEAKER_03"": ""Trey Yain""}","{""political"": null}",5dd8ec99670d1a871b3e80a0,1
The Fox News Rundown,Evening Edition: Will The Israel-Gaza Ceasefire Last Or Is A Worse Conflict Coming?,"{""SPEAKER_02"": ""Rachele campos"", ""SPEAKER_00"": ""Will Cane"", ""SPEAKER_01"": ""Trey Inks"", ""SPEAKER_03"": ""Jimmy Fallon""}","{""political"": null}",63644514902f60174b4b29a1,0
The Fox News Rundown,Evening Edition: Will The Israel-Gaza Ceasefire Last Or Is A Worse Conflict Coming?,"{""SPEAKER_02"": ""Will Cane"", ""SPEAKER_00"": ""Jimmy Fallon"", ""SPEAKER_01"": ""Rachel Campo-Duffy"", ""SPEAKER_03"": ""Trey Yanks""}","{""political"": null}",5ddcd77f23f9f1c2c45d6c18,1
The Fox News Rundown,Evening Edition: Durham Report Sharply Criticizes FBI And DOJ,"{""SPEAKER_04"": """", ""SPEAKER_00"": """", ""SPEAKER_02"": """", ""SPEAKER_01"": """", ""SPEAKER_03"": """"}","{""political"": null}",63fcefec094f31b9a70bc2c0,0
The Fox News Rundown,Evening Edition: Durham Report Sharply Criticizes FBI And DOJ,"{""SPEAKER_04"": """", ""SPEAKER_00"": """", ""SPEAKER_02"": """", ""SPEAKER_01"": """", ""SPEAKER_03"": """"}","{""political"": null}",63fcefec094f31b9a70bc2c0,0
The Fox News Rundown,Evening Edition: Durham Report Sharply Criticizes FBI And DOJ,"{""SPEAKER_04"": """", ""SPEAKER_00"": """", ""SPEAKER_02"": """", ""SPEAKER_01"": """", ""SPEAKER_03"": """"}",,63fcefec094f31b9a70bc2c0,0
The Fox News Rundown,Evening Edition: Durham Report Sharply Criticizes FBI And DOJ,"{""SPEAKER_04"": ""Charles Payne"", ""SPEAKER_00"": ""Gerri Willis"", ""SPEAKER_02"": ""Eben Brown"", ""SPEAKER_01"": ""Nicole Parker"", ""SPEAKER_03"": ""Unknown""}","{""political"": null}",5ccba9db385fbf0001f55fd6,1
The Fox News Rundown,Evening Edition: Durham Report Sharply Criticizes FBI And DOJ,"{""SPEAKER_04"": ""Charles Pan, Kat Timpf, Stuart Vonney"", ""SPEAKER_00"": ""Fearless and Proud Podcast"", ""SPEAKER_02"": ""Eben Brown"", ""SPEAKER_01"": ""Nicole Parker"", ""SPEAKER_03"": ""N/A""}","{""political"": null, ""attention"": [102, 137, 168], ""feedback"": ""I did not see a SPEAKER_03 in the transcript at all. Also the program did not really identify the individual voices, so I dug to label the ones listed using the audio, and one was three people. Another was an advertisement for another podcast where she never identified herself. Thanks!""}",62ba9df7bf9e8e2ef0501f94,1
The Fox News Rundown,Evening Edition: Could The Debt Default Bring The Demise Of The Dollar?,"{""SPEAKER_00"": """", ""SPEAKER_02"": """", ""SPEAKER_03"": """", ""SPEAKER_04"": """", ""SPEAKER_01"": """"}",,63fcefec094f31b9a70bc2c0,0
The Fox News Rundown,Evening Edition: Could The Debt Default Bring The Demise Of The Dollar?,"{""SPEAKER_00"": """", ""SPEAKER_02"": """", ""SPEAKER_03"": """", ""SPEAKER_04"": """", ""SPEAKER_01"": """"}","{""political"": null}",63fcefec094f31b9a70bc2c0,0
The Fox News Rundown,Evening Edition: Could The Debt Default Bring The Demise Of The Dollar?,"{""SPEAKER_00"": ""Dana Perino"", ""SPEAKER_02"": ""Kennedy"", ""SPEAKER_03"": ""John Saucier"", ""SPEAKER_04"": ""Craig Singleton"", ""SPEAKER_01"": ""Juan Williams""}","{""political"": null, ""attention"": [83], ""feedback"": ""I think I was a bit over corrective in the first half.""}",5dd3285739bca132e4786d37,1
The Fox News Rundown,Evening Edition: Could The Debt Default Bring The Demise Of The Dollar?,"{""SPEAKER_00"": ""Dana Perino"", ""SPEAKER_02"": ""Kennedy"", ""SPEAKER_03"": ""John Saucier"", ""SPEAKER_04"": ""Craig Singleton"", ""SPEAKER_01"": ""Juan Williams""}","{""political"": null}",5fc7f6ebe65e600c28d3aa04,1
The Fox News Rundown,Evening Edition: Could The Debt Default Bring The Demise Of The Dollar?,"{""SPEAKER_00"": ""uknown"", ""SPEAKER_02"": ""uknown"", ""SPEAKER_03"": ""John Saucier"", ""SPEAKER_04"": ""Craig Singleton"", ""SPEAKER_01"": ""uknown""}","{""political"": null}",641f37e126bc408648ad6998,1
The New Abnormal,How Chasten Buttigieg Gets Revenge Against Right Wing Bigots,"{""SPEAKER_06"": """", ""SPEAKER_08"": """", ""SPEAKER_03"": """", ""SPEAKER_00"": """", ""SPEAKER_05"": """", ""SPEAKER_04"": """", ""SPEAKER_01"": """", ""SPEAKER_02"": """", ""SPEAKER_07"": """"}",,63fcefec094f31b9a70bc2c0,0
The New Abnormal,How Chasten Buttigieg Gets Revenge Against Right Wing Bigots,"{""SPEAKER_06"": """", ""SPEAKER_08"": """", ""SPEAKER_03"": """", ""SPEAKER_00"": """", ""SPEAKER_05"": """", ""SPEAKER_04"": """", ""SPEAKER_01"": """", ""SPEAKER_02"": """", ""SPEAKER_07"": """"}",,63fcefec094f31b9a70bc2c0,0
The New Abnormal,How Chasten Buttigieg Gets Revenge Against Right Wing Bigots,"{""SPEAKER_06"": ""N/A"", ""SPEAKER_08"": ""Andy Levy"", ""SPEAKER_03"": ""Danielle Moody"", ""SPEAKER_00"": ""Jesse Cannon"", ""SPEAKER_05"": ""N/A"", ""SPEAKER_04"": ""N/A"", ""SPEAKER_01"": ""Chasten Buttigieg"", ""SPEAKER_02"": ""Maggie Tokuda Hall"", ""SPEAKER_07"": ""N/A""}","{""political"": null, ""attention"": [69, 670, 628], ""feedback"": ""I wish I could jump to a specific statement to fix an error I missed instead of using forward and backward.""}",6318c6b8dd3d07c0fb9f0d18,1
The New Abnormal,How Chasten Buttigieg Gets Revenge Against Right Wing Bigots,"{""SPEAKER_06"": """", ""SPEAKER_08"": """", ""SPEAKER_03"": """", ""SPEAKER_00"": """", ""SPEAKER_05"": """", ""SPEAKER_04"": """", ""SPEAKER_01"": """", ""SPEAKER_02"": """", ""SPEAKER_07"": """"}","{""political"": null}",5eeaa8ee94a7f8046a02a20d,0
The New Abnormal,How Chasten Buttigieg Gets Revenge Against Right Wing Bigots,"{""SPEAKER_06"": ""unknown"", ""SPEAKER_08"": """", ""SPEAKER_03"": """", ""SPEAKER_00"": """", ""SPEAKER_05"": """", ""SPEAKER_04"": """", ""SPEAKER_01"": """", ""SPEAKER_02"": """", ""SPEAKER_07"": """"}","{""political"": null}",63f4232ecb9cf97c37f0d2eb,0
The New Abnormal,How Chasten Buttigieg Gets Revenge Against Right Wing Bigots,"{""SPEAKER_06"": """", ""SPEAKER_08"": """", ""SPEAKER_03"": """", ""SPEAKER_00"": """", ""SPEAKER_05"": """", ""SPEAKER_04"": """", ""SPEAKER_01"": """", ""SPEAKER_02"": """", ""SPEAKER_07"": """"}","{""political"": null}",5d0c565f7374b40001cef0f8,0
The New Abnormal,How Chasten Buttigieg Gets Revenge Against Right Wing Bigots,"{""SPEAKER_06"": """", ""SPEAKER_08"": """", ""SPEAKER_03"": """", ""SPEAKER_00"": """", ""SPEAKER_05"": """", ""SPEAKER_04"": """", ""SPEAKER_01"": """", ""SPEAKER_02"": """", ""SPEAKER_07"": """"}","{""political"": null}",591d369e88bbb500013a8517,0
The New Abnormal,How Chasten Buttigieg Gets Revenge Against Right Wing Bigots,"{""SPEAKER_06"": """", ""SPEAKER_08"": """", ""SPEAKER_03"": """", ""SPEAKER_00"": """", ""SPEAKER_05"": """", ""SPEAKER_04"": """", ""SPEAKER_01"": """", ""SPEAKER_02"": """", ""SPEAKER_07"": """"}","{""political"": null}",639b9ab341f4429b1b3c06a2,0
The New Abnormal,How Chasten Buttigieg Gets Revenge Against Right Wing Bigots,"{""SPEAKER_06"": ""Unknown"", ""SPEAKER_08"": ""Andy Levy"", ""SPEAKER_03"": ""Danielle Moodie"", ""SPEAKER_00"": ""Jesse Cannon"", ""SPEAKER_05"": ""Unknown"", ""SPEAKER_04"": ""Unknown"", ""SPEAKER_01"": ""Chasten Buttigieg"", ""SPEAKER_02"": ""Maggie Tokuda-Hall"", ""SPEAKER_07"": ""Unknown""}","{""political"": null, ""attention"": [91, 636, 646], ""feedback"": ""This took me more than 2.5 hours.""}",5f2a12f5837dd81e5881b7cc,1
The New Abnormal,George Santos Is the ‘Inventing Anna’ of Congress,"{""SPEAKER_01"": """", ""SPEAKER_00"": """", ""SPEAKER_16"": """", ""SPEAKER_07"": """", ""SPEAKER_02"": """", ""SPEAKER_06"": """", ""SPEAKER_04"": """", ""SPEAKER_05"": """", ""SPEAKER_08"": """", ""SPEAKER_10"": """", ""SPEAKER_14"": """", ""SPEAKER_03"": """", ""SPEAKER_13"": """", ""SPEAKER_09"": """", ""SPEAKER_12"": """", ""SPEAKER_15"": """", ""SPEAKER_11"": """"}",,63fcefec094f31b9a70bc2c0,0
The New Abnormal,George Santos Is the ‘Inventing Anna’ of Congress,"{""SPEAKER_01"": """", ""SPEAKER_00"": """", ""SPEAKER_16"": """", ""SPEAKER_07"": """", ""SPEAKER_02"": """", ""SPEAKER_06"": """", ""SPEAKER_04"": """", ""SPEAKER_05"": """", ""SPEAKER_08"": """", ""SPEAKER_10"": """", ""SPEAKER_14"": """", ""SPEAKER_03"": """", ""SPEAKER_13"": """", ""SPEAKER_09"": """", ""SPEAKER_12"": """", ""SPEAKER_15"": """", ""SPEAKER_11"": """"}","{""political"": null}",63fcefec094f31b9a70bc2c0,0
The New Abnormal,George Santos Is the ‘Inventing Anna’ of Congress,"{""SPEAKER_01"": """", ""SPEAKER_00"": """", ""SPEAKER_16"": """", ""SPEAKER_07"": """", ""SPEAKER_02"": """", ""SPEAKER_06"": """", ""SPEAKER_04"": """", ""SPEAKER_05"": """", ""SPEAKER_08"": """", ""SPEAKER_10"": """", ""SPEAKER_14"": """", ""SPEAKER_03"": """", ""SPEAKER_13"": """", ""SPEAKER_09"": """", ""SPEAKER_12"": """", ""SPEAKER_15"": """", ""SPEAKER_11"": """"}","{""political"": null}",63fcefec094f31b9a70bc2c0,0
The New Abnormal,George Santos Is the ‘Inventing Anna’ of Congress,"{""SPEAKER_01"": """", ""SPEAKER_00"": """", ""SPEAKER_16"": """", ""SPEAKER_07"": """", ""SPEAKER_02"": """", ""SPEAKER_06"": """", ""SPEAKER_04"": """", ""SPEAKER_05"": """", ""SPEAKER_08"": """", ""SPEAKER_10"": """", ""SPEAKER_14"": """", ""SPEAKER_03"": """", ""SPEAKER_13"": """", ""SPEAKER_09"": """", ""SPEAKER_12"": """", ""SPEAKER_15"": """", ""SPEAKER_11"": """"}","{""political"": null}",63fcefec094f31b9a70bc2c0,0
The New Abnormal,George Santos Is the ‘Inventing Anna’ of Congress,"{""SPEAKER_01"": ""Danielle Moody"", ""SPEAKER_00"": ""Andy Levy"", ""SPEAKER_16"": ""No idea"", ""SPEAKER_07"": ""Kaitlan Collins"", ""SPEAKER_02"": ""Jessie Canon"", ""SPEAKER_06"": ""Donald Trump"", ""SPEAKER_04"": ""Matt Gaetz"", ""SPEAKER_05"": ""Alex Coker"", ""SPEAKER_08"": ""Unidentified woman"", ""SPEAKER_10"": ""George Santos"", ""SPEAKER_14"": ""No idea"", ""SPEAKER_03"": ""Ron Desantis"", ""SPEAKER_13"": ""No idea"", ""SPEAKER_09"": ""Ron Johnson"", ""SPEAKER_12"": ""No idea"", ""SPEAKER_15"": ""No idea"", ""SPEAKER_11"": ""Marcus Flowers""}","{""political"": null, ""attention"": [419, 454, 228, 130], ""feedback"": ""I identified the speaker chronologically and not by the numbering system, which to me at least, appeared to be broken since the numbers seemed random. Also, it is quite puzzling to me that I was unable to identify 5 speakers. I listened very carefully to the podcasts so I'm not sure how I could miss so many. I found the Desantis clip a bit difficult though since there seemed to possibly be several voices that could have been different speakers. I really couldn't tell though. Also, I'm not sure what's the point of including the \""Automated Pronoun Resolution\"".""}",614f70b55373b6760cb9d5c9,1
The New Abnormal,George Santos Is the ‘Inventing Anna’ of Congress,"{""SPEAKER_01"": ""Daniele Moody"", ""SPEAKER_00"": ""Andy Levy"", ""SPEAKER_16"": """", ""SPEAKER_07"": ""Donald Trump"", ""SPEAKER_02"": ""Jesse Cannon"", ""SPEAKER_06"": ""Matt Gates"", ""SPEAKER_04"": ""Ron Johnson"", ""SPEAKER_05"": ""Maria Debartolo"", ""SPEAKER_08"": ""Kaitlin Collins"", ""SPEAKER_10"": ""Marcus Flowers"", ""SPEAKER_14"": """", ""SPEAKER_03"": ""Ron Desantis"", ""SPEAKER_13"": """", ""SPEAKER_09"": ""Unsure"", ""SPEAKER_12"": """", ""SPEAKER_15"": """", ""SPEAKER_11"": """"}","{""political"": null}",56fb36ca34a0d3000b1a5701,0
The New Abnormal,George Santos Is the ‘Inventing Anna’ of Congress,"{""SPEAKER_01"": ""unknown"", ""SPEAKER_00"": ""unknown"", ""SPEAKER_16"": ""Advertising announcer"", ""SPEAKER_07"": ""Andy Levy"", ""SPEAKER_02"": ""Danielle Moodie"", ""SPEAKER_06"": ""Andy Levy"", ""SPEAKER_04"": ""Ron DeSantis"", ""SPEAKER_05"": ""Ron DeSantis"", ""SPEAKER_08"": ""unknown"", ""SPEAKER_10"": ""unknown"", ""SPEAKER_14"": ""Alex Coker"", ""SPEAKER_03"": ""Ron Johnson"", ""SPEAKER_13"": ""Donald Trump"", ""SPEAKER_09"": ""unknown"", ""SPEAKER_12"": ""unknown"", ""SPEAKER_15"": ""George Santos"", ""SPEAKER_11"": ""Marcus Flowers""}","{""political"": null, ""attention"": [329, 292, 30, 377], ""feedback"": ""Since the attention checks did not give instructions on what to do, I put them in the transcript box. I hope that is okay, thank you.""}",60fc7d423aa600bbb01b7813,1
The New Abnormal,Florida’s House Republicans Are Even Worse Behind the Scenes,"{""SPEAKER_06"": """", ""SPEAKER_10"": """", ""SPEAKER_02"": """", ""SPEAKER_05"": """", ""SPEAKER_04"": """", ""SPEAKER_03"": """", ""SPEAKER_01"": """", ""SPEAKER_09"": """", ""SPEAKER_11"": """", ""SPEAKER_00"": """", ""SPEAKER_07"": """", ""SPEAKER_08"": """"}",,63fcefec094f31b9a70bc2c0,0
The New Abnormal,Florida’s House Republicans Are Even Worse Behind the Scenes,"{""SPEAKER_06"": """", ""SPEAKER_10"": """", ""SPEAKER_02"": """", ""SPEAKER_05"": """", ""SPEAKER_04"": """", ""SPEAKER_03"": """", ""SPEAKER_01"": """", ""SPEAKER_09"": """", ""SPEAKER_11"": """", ""SPEAKER_00"": """", ""SPEAKER_07"": """", ""SPEAKER_08"": """"}",,63fcefec094f31b9a70bc2c0,0
The New Abnormal,Florida’s House Republicans Are Even Worse Behind the Scenes,"{""SPEAKER_06"": """", ""SPEAKER_10"": """", ""SPEAKER_02"": """", ""SPEAKER_05"": """", ""SPEAKER_04"": """", ""SPEAKER_03"": """", ""SPEAKER_01"": """", ""SPEAKER_09"": """", ""SPEAKER_11"": """", ""SPEAKER_00"": """", ""SPEAKER_07"": """", ""SPEAKER_08"": """"}","{""political"": null}",63fcefec094f31b9a70bc2c0,0
The New Abnormal,Florida’s House Republicans Are Even Worse Behind the Scenes,"{""SPEAKER_06"": """", ""SPEAKER_10"": """", ""SPEAKER_02"": """", ""SPEAKER_05"": """", ""SPEAKER_04"": """", ""SPEAKER_03"": """", ""SPEAKER_01"": """", ""SPEAKER_09"": """", ""SPEAKER_11"": """", ""SPEAKER_00"": """", ""SPEAKER_07"": """", ""SPEAKER_08"": """"}","{""political"": null}",63fcefec094f31b9a70bc2c0,0
The New Abnormal,Florida’s House Republicans Are Even Worse Behind the Scenes,"{""SPEAKER_06"": """", ""SPEAKER_10"": """", ""SPEAKER_02"": """", ""SPEAKER_05"": """", ""SPEAKER_04"": """", ""SPEAKER_03"": """", ""SPEAKER_01"": """", ""SPEAKER_09"": """", ""SPEAKER_11"": """", ""SPEAKER_00"": """", ""SPEAKER_07"": """", ""SPEAKER_08"": """"}","{""political"": null}",63fcefec094f31b9a70bc2c0,0
The New Abnormal,Florida’s House Republicans Are Even Worse Behind the Scenes,"{""SPEAKER_06"": """", ""SPEAKER_10"": """", ""SPEAKER_02"": """", ""SPEAKER_05"": """", ""SPEAKER_04"": """", ""SPEAKER_03"": """", ""SPEAKER_01"": """", ""SPEAKER_09"": """", ""SPEAKER_11"": """", ""SPEAKER_00"": """", ""SPEAKER_07"": """", ""SPEAKER_08"": """"}",,5743c964eb8ed0000ff798ac,0
The New Abnormal,Florida’s House Republicans Are Even Worse Behind the Scenes,"{""SPEAKER_06"": ""UNKNOWN"", ""SPEAKER_10"": ""Agnete"", ""SPEAKER_02"": ""Ana Eskamani"", ""SPEAKER_05"": ""UNKNOWN"", ""SPEAKER_04"": ""Andy Levy"", ""SPEAKER_03"": ""Danielle Moody"", ""SPEAKER_01"": ""UNKNOWN"", ""SPEAKER_09"": ""UNKNOWN"", ""SPEAKER_11"": ""UNKNOWN"", ""SPEAKER_00"": ""Jesse Cannon"", ""SPEAKER_07"": ""UNKNOWN"", ""SPEAKER_08"": ""UNKNOWN""}","{""political"": null}",63d7f873276db97c2fb3b00c,1
The New Abnormal,Florida’s House Republicans Are Even Worse Behind the Scenes,"{""SPEAKER_06"": """", ""SPEAKER_10"": """", ""SPEAKER_02"": """", ""SPEAKER_05"": """", ""SPEAKER_04"": """", ""SPEAKER_03"": """", ""SPEAKER_01"": """", ""SPEAKER_09"": """", ""SPEAKER_11"": """", ""SPEAKER_00"": """", ""SPEAKER_07"": """", ""SPEAKER_08"": """"}","{""political"": null}",5d88f2f8cefb52001a83f1b2,0
The New Abnormal,Florida’s House Republicans Are Even Worse Behind the Scenes,"{""SPEAKER_06"": """", ""SPEAKER_10"": """", ""SPEAKER_02"": """", ""SPEAKER_05"": """", ""SPEAKER_04"": """", ""SPEAKER_03"": """", ""SPEAKER_01"": """", ""SPEAKER_09"": """", ""SPEAKER_11"": """", ""SPEAKER_00"": """", ""SPEAKER_07"": """", ""SPEAKER_08"": """"}","{""political"": null}",5fcc103fb2ab80a01f32f7ae,0
The New Abnormal,Florida’s House Republicans Are Even Worse Behind the Scenes,"{""SPEAKER_06"": ""unknown"", ""SPEAKER_10"": ""agnete"", ""SPEAKER_02"": ""Ana Eskamani"", ""SPEAKER_05"": ""unknown"", ""SPEAKER_04"": ""andy levy"", ""SPEAKER_03"": ""danielle moody"", ""SPEAKER_01"": ""jesse cannon"", ""SPEAKER_09"": ""unknown"", ""SPEAKER_11"": ""unknown"", ""SPEAKER_00"": ""unknown"", ""SPEAKER_07"": ""unknown"", ""SPEAKER_08"": ""unknown""}","{""political"": null, ""attention"": [463, 94, 438, 112], ""feedback"": ""somw people i dont know who speaker was as they were for the commercials....""}",5fb219d125498577f2aa3a6d,1
Verdict with Ted Cruz,Hunter Biden Bombshells plus Rep. Jim Jordan Joins Us for Deep Dive on Biden Crime Family Part 1,"{""SPEAKER_01"": """", ""SPEAKER_03"": """", ""SPEAKER_00"": """", ""SPEAKER_02"": """"}","{""political"": null}",63fcefec094f31b9a70bc2c0,0
Verdict with Ted Cruz,Hunter Biden Bombshells plus Rep. Jim Jordan Joins Us for Deep Dive on Biden Crime Family Part 1,"{""SPEAKER_01"": """", ""SPEAKER_03"": """", ""SPEAKER_00"": """", ""SPEAKER_02"": """"}","{""political"": null}",5dee5b9435575a4eab1dfd73,0
Verdict with Ted Cruz,Hunter Biden Bombshells plus Rep. Jim Jordan Joins Us for Deep Dive on Biden Crime Family Part 1,"{""SPEAKER_01"": """", ""SPEAKER_03"": """", ""SPEAKER_00"": ""Jim Jordan"", ""SPEAKER_02"": """"}","{""political"": null}",5f860adba36f4012cb5043c0,0
Verdict with Ted Cruz,Hunter Biden Bombshells plus Rep. Jim Jordan Joins Us for Deep Dive on Biden Crime Family Part 1,"{""SPEAKER_01"": ""Ben Ferguson"", ""SPEAKER_03"": ""Jim Jordan"", ""SPEAKER_00"": ""No idea!"", ""SPEAKER_02"": ""Ted Cruz""}","{""political"": null}",614f70b55373b6760cb9d5c9,1
Verdict with Ted Cruz,Hunter Biden Bombshells plus Rep. Jim Jordan Joins Us for Deep Dive on Biden Crime Family Part 1,"{""SPEAKER_01"": ""Jim Jordan"", ""SPEAKER_03"": ""Ted Cruz"", ""SPEAKER_00"": ""Mike Morrel"", ""SPEAKER_02"": ""Chairman Comer""}","{""political"": null}",63d6d8e21745f34be8ce7c35,0
Verdict with Ted Cruz,Hunter Biden Bombshells plus Rep. Jim Jordan Joins Us for Deep Dive on Biden Crime Family Part 1,"{""SPEAKER_01"": """", ""SPEAKER_03"": """", ""SPEAKER_00"": """", ""SPEAKER_02"": """"}","{""political"": null}",63fcefec094f31b9a70bc2c0,0
Verdict with Ted Cruz,Hunter Biden Bombshells plus Rep. Jim Jordan Joins Us for Deep Dive on Biden Crime Family Part 1,"{""SPEAKER_01"": """", ""SPEAKER_03"": """", ""SPEAKER_00"": """", ""SPEAKER_02"": """"}","{""political"": null}",63fcefec094f31b9a70bc2c0,0
Verdict with Ted Cruz,Hunter Biden Bombshells plus Rep. Jim Jordan Joins Us for Deep Dive on Biden Crime Family Part 1,"{""SPEAKER_01"": ""Ted Cruz"", ""SPEAKER_03"": ""Ted Cruz"", ""SPEAKER_00"": ""Ted Cruz"", ""SPEAKER_02"": ""Jim Jordan""}","{""political"": null}",James,1
Verdict with Ted Cruz,Hunter Biden Bombshells plus Rep. Jim Jordan Joins Us for Deep Dive on Biden Crime Family Part 1,"{""SPEAKER_01"": """", ""SPEAKER_03"": """", ""SPEAKER_00"": """", ""SPEAKER_02"": """"}",,Kimberly,0
Verdict with Ted Cruz,Hunter Biden Bombshells plus Rep. Jim Jordan Joins Us for Deep Dive on Biden Crime Family Part 1,"{""SPEAKER_01"": """", ""SPEAKER_03"": """", ""SPEAKER_00"": """", ""SPEAKER_02"": """"}","{""political"": null}",60414ac54c28970d47c8768c,0
Verdict with Ted Cruz,Hunter Biden Bombshells plus Rep. Jim Jordan Joins Us for Deep Dive on Biden Crime Family Part 1,"{""SPEAKER_01"": """", ""SPEAKER_03"": """", ""SPEAKER_00"": """", ""SPEAKER_02"": """"}","{""political"": null}",5bb09ecf6322c50001584d36,0
Verdict with Ted Cruz,Hunter Biden Bombshells plus Rep. Jim Jordan Joins Us for Deep Dive on Biden Crime Family Part 1,"{""SPEAKER_01"": ""jim jones"", ""SPEAKER_03"": ""mr m"", ""SPEAKER_00"": ""ted cruz"", ""SPEAKER_02"": ""joe biden""}","{""political"": null, ""feedback"": ""a AI should not be changing the actuall transcript of a conversation just because its not following the english language rules. nobody always speaks correctly""}",5dd78dc3238a9171fbd93f22,1
Verdict with Ted Cruz,Hunter Biden Bombshells plus Rep. Jim Jordan Joins Us for Deep Dive on Biden Crime Family Part 1,"{""SPEAKER_01"": ""Ben Ferguson"", ""SPEAKER_03"": ""Ted Cruz"", ""SPEAKER_00"": ""Unknown"", ""SPEAKER_02"": ""Jim Jordan""}","{""political"": null}",614d45892b93a9ed2137e514,1
Verdict with Ted Cruz,Hunter Biden Bombshells plus Rep. Jim Jordan Joins Us for Deep Dive on Biden Crime Family Part 1,"{""SPEAKER_01"": """", ""SPEAKER_03"": """", ""SPEAKER_00"": """", ""SPEAKER_02"": """"}","{""political"": null}",Adam,0
Verdict with Ted Cruz,FBI Caught Red-Handed Retaliating Against Whistleblowers plus Radical U.S. Attorney Resigns in Disgrace,"{""SPEAKER_00"": """", ""SPEAKER_06"": """", ""SPEAKER_04"": """", ""SPEAKER_03"": """", ""SPEAKER_01"": """", ""SPEAKER_05"": """", ""SPEAKER_02"": """"}","{""political"": null}",63fcefec094f31b9a70bc2c0,0
Verdict with Ted Cruz,FBI Caught Red-Handed Retaliating Against Whistleblowers plus Radical U.S. Attorney Resigns in Disgrace,"{""SPEAKER_00"": """", ""SPEAKER_06"": """", ""SPEAKER_04"": """", ""SPEAKER_03"": """", ""SPEAKER_01"": """", ""SPEAKER_05"": """", ""SPEAKER_02"": """"}","{""political"": null}",63fcefec094f31b9a70bc2c0,0
Verdict with Ted Cruz,FBI Caught Red-Handed Retaliating Against Whistleblowers plus Radical U.S. Attorney Resigns in Disgrace,"{""SPEAKER_00"": """", ""SPEAKER_06"": """", ""SPEAKER_04"": """", ""SPEAKER_03"": """", ""SPEAKER_01"": """", ""SPEAKER_05"": """", ""SPEAKER_02"": """"}","{""political"": null}",63fcefec094f31b9a70bc2c0,0
Verdict with Ted Cruz,FBI Caught Red-Handed Retaliating Against Whistleblowers plus Radical U.S. Attorney Resigns in Disgrace,"{""SPEAKER_00"": ""Foreign advertizer"", ""SPEAKER_06"": ""Ben Ferguson"", ""SPEAKER_04"": ""Ted Cruz"", ""SPEAKER_03"": ""Jim Jordan"", ""SPEAKER_01"": ""Fbi whistleblower Mr Boyle"", ""SPEAKER_05"": ""Republican senator"", ""SPEAKER_02"": ""Reporter""}","{""political"": null}",60a310d902b245367da52162,1
Verdict with Ted Cruz,FBI Caught Red-Handed Retaliating Against Whistleblowers plus Radical U.S. Attorney Resigns in Disgrace,"{""SPEAKER_00"": ""Advertising announcer"", ""SPEAKER_06"": ""Ben Ferguson"", ""SPEAKER_04"": ""Ted Cruz"", ""SPEAKER_03"": ""Jim Jordan"", ""SPEAKER_01"": ""Unknown - Witness - Mr. O'Boyle?"", ""SPEAKER_05"": ""Unknown - Witness - Mr. O'Boyle? and Jim Jordan asking the questions "", ""SPEAKER_02"": ""NBC News Woman""}","{""political"": null}",6440392496617f737f0e264f,1
Verdict with Ted Cruz,FBI Caught Red-Handed Retaliating Against Whistleblowers plus Radical U.S. Attorney Resigns in Disgrace,"{""SPEAKER_00"": """", ""SPEAKER_06"": """", ""SPEAKER_04"": """", ""SPEAKER_03"": """", ""SPEAKER_01"": """", ""SPEAKER_05"": """", ""SPEAKER_02"": """"}","{""political"": null}",Adam,0
Verdict with Ted Cruz,Deep Dive into Hunter Biden & the Weaponization of the Federal Government: Part 2 with Jim Jordan,"{""SPEAKER_03"": """", ""SPEAKER_02"": """", ""SPEAKER_01"": """", ""SPEAKER_00"": """"}","{""political"": null}",63fcefec094f31b9a70bc2c0,0
Verdict with Ted Cruz,Deep Dive into Hunter Biden & the Weaponization of the Federal Government: Part 2 with Jim Jordan,"{""SPEAKER_03"": """", ""SPEAKER_02"": """", ""SPEAKER_01"": """", ""SPEAKER_00"": """"}","{""political"": null}",610786681f59e722c0a8b371,0
Verdict with Ted Cruz,Deep Dive into Hunter Biden & the Weaponization of the Federal Government: Part 2 with Jim Jordan,"{""SPEAKER_03"": """", ""SPEAKER_02"": """", ""SPEAKER_01"": """", ""SPEAKER_00"": """"}","{""political"": null}",5e916cb9e502b1498e8fc059,0
Verdict with Ted Cruz,Deep Dive into Hunter Biden & the Weaponization of the Federal Government: Part 2 with Jim Jordan,"{""SPEAKER_03"": ""Unknown "", ""SPEAKER_02"": ""Unknown "", ""SPEAKER_01"": ""Jim Jordan"", ""SPEAKER_00"": ""Unknown ""}","{""political"": null}",62952201fa2b4996b7a66f3d,0
Verdict with Ted Cruz,Deep Dive into Hunter Biden & the Weaponization of the Federal Government: Part 2 with Jim Jordan,"{""SPEAKER_03"": """", ""SPEAKER_02"": """", ""SPEAKER_01"": """", ""SPEAKER_00"": """"}","{""political"": null}",60feff658750da2ecff7128d,0
Verdict with Ted Cruz,Deep Dive into Hunter Biden & the Weaponization of the Federal Government: Part 2 with Jim Jordan,"{""SPEAKER_03"": """", ""SPEAKER_02"": """", ""SPEAKER_01"": """", ""SPEAKER_00"": """"}","{""political"": null}",5f3ac1732efa0a74f975b1a8,0
Verdict with Ted Cruz,Deep Dive into Hunter Biden & the Weaponization of the Federal Government: Part 2 with Jim Jordan,"{""SPEAKER_03"": ""Advertisement "", ""SPEAKER_02"": ""Ted cruz"", ""SPEAKER_01"": ""Jim Jordan"", ""SPEAKER_00"": ""Ben""}","{""political"": null}",6070e23a3e478af6a585c330,1
Verdict with Ted Cruz,Deep Dive into Hunter Biden & the Weaponization of the Federal Government: Part 2 with Jim Jordan,"{""SPEAKER_03"": """", ""SPEAKER_02"": """", ""SPEAKER_01"": """", ""SPEAKER_00"": """"}","{""political"": null}",63fcefec094f31b9a70bc2c0,0
Verdict with Ted Cruz,Deep Dive into Hunter Biden & the Weaponization of the Federal Government: Part 2 with Jim Jordan,"{""SPEAKER_03"": """", ""SPEAKER_02"": """", ""SPEAKER_01"": """", ""SPEAKER_00"": """"}",,James,0
Verdict with Ted Cruz,Deep Dive into Hunter Biden & the Weaponization of the Federal Government: Part 2 with Jim Jordan,"{""SPEAKER_03"": """", ""SPEAKER_02"": """", ""SPEAKER_01"": """", ""SPEAKER_00"": """"}",,Kimberly,0
Verdict with Ted Cruz,Deep Dive into Hunter Biden & the Weaponization of the Federal Government: Part 2 with Jim Jordan,"{""SPEAKER_03"": """", ""SPEAKER_02"": """", ""SPEAKER_01"": """", ""SPEAKER_00"": ""CRUZ""}","{""political"": null}",643bf6338ab6927af28b0b88,0
Verdict with Ted Cruz,Deep Dive into Hunter Biden & the Weaponization of the Federal Government: Part 2 with Jim Jordan,"{""SPEAKER_03"": """", ""SPEAKER_02"": """", ""SPEAKER_01"": """", ""SPEAKER_00"": """"}","{""political"": null}",611a1b05104423c73d386b55,0
Verdict with Ted Cruz,Deep Dive into Hunter Biden & the Weaponization of the Federal Government: Part 2 with Jim Jordan,"{""SPEAKER_03"": ""Jim Jordan"", ""SPEAKER_02"": ""Ted Cruz"", ""SPEAKER_01"": ""Ben Ferguson"", ""SPEAKER_00"": ""Advertisement announcer""}","{""political"": null}",6100ac178a474bfcc555379b,1
Verdict with Ted Cruz,Deep Dive into Hunter Biden & the Weaponization of the Federal Government: Part 2 with Jim Jordan,"{""SPEAKER_03"": """", ""SPEAKER_02"": """", ""SPEAKER_01"": """", ""SPEAKER_00"": """"}","{""political"": null}",63d000d62878aa92b833c5fc,0
Verdict with Ted Cruz,Deep Dive into Hunter Biden & the Weaponization of the Federal Government: Part 2 with Jim Jordan,"{""SPEAKER_03"": """", ""SPEAKER_02"": """", ""SPEAKER_01"": """", ""SPEAKER_00"": """"}","{""political"": null}",5cbb78d664170f00011d7c4f,0
Verdict with Ted Cruz,Deep Dive into Hunter Biden & the Weaponization of the Federal Government: Part 2 with Jim Jordan,"{""SPEAKER_03"": """", ""SPEAKER_02"": """", ""SPEAKER_01"": """", ""SPEAKER_00"": """"}",,5ef246c6d2b9060809858e7e,0
Verdict with Ted Cruz,Deep Dive into Hunter Biden & the Weaponization of the Federal Government: Part 2 with Jim Jordan,"{""SPEAKER_03"": ""FIKEN"", ""SPEAKER_02"": ""Ben Ferguson"", ""SPEAKER_01"": ""Ted Cruz"", ""SPEAKER_00"": ""Jim Jordan""}","{""political"": null}",6029b0e17f3b5d944ab183f1,1
Verdict with Ted Cruz,Deep Dive into Hunter Biden & the Weaponization of the Federal Government: Part 2 with Jim Jordan,"{""SPEAKER_03"": ""ANNOUNCER FIKEN"", ""SPEAKER_02"": ""Ben Ferguson"", ""SPEAKER_01"": ""Ted Cruz"", ""SPEAKER_00"": """"}","{""political"": null}",gold,0
Verdict with Ted Cruz,Border Chaos: LIVE from the Border...14 Minutes after Title 42 Expires-with Border Patrol Union President Brandon Judd,"{""SPEAKER_00"": """", ""SPEAKER_01"": """", ""SPEAKER_03"": """", ""SPEAKER_02"": """"}","{""political"": null}",63fcefec094f31b9a70bc2c0,0
Verdict with Ted Cruz,Border Chaos: LIVE from the Border...14 Minutes after Title 42 Expires-with Border Patrol Union President Brandon Judd,"{""SPEAKER_00"": """", ""SPEAKER_01"": """", ""SPEAKER_03"": """", ""SPEAKER_02"": """"}","{""political"": null}",63fcefec094f31b9a70bc2c0,0
Verdict with Ted Cruz,Border Chaos: LIVE from the Border...14 Minutes after Title 42 Expires-with Border Patrol Union President Brandon Judd,"{""SPEAKER_00"": """", ""SPEAKER_01"": """", ""SPEAKER_03"": """", ""SPEAKER_02"": """"}","{""political"": null}",62f4904296e62ae6c19127d4,0
Verdict with Ted Cruz,Border Chaos: LIVE from the Border...14 Minutes after Title 42 Expires-with Border Patrol Union President Brandon Judd,"{""SPEAKER_00"": """", ""SPEAKER_01"": """", ""SPEAKER_03"": """", ""SPEAKER_02"": """"}",,605b711e0c079e688e345630,0
Verdict with Ted Cruz,Border Chaos: LIVE from the Border...14 Minutes after Title 42 Expires-with Border Patrol Union President Brandon Judd,"{""SPEAKER_00"": ""Ted Cruz"", ""SPEAKER_01"": ""Ted Cruz"", ""SPEAKER_03"": ""Brandon Judd"", ""SPEAKER_02"": ""Ted Cruz""}","{""political"": null, ""attention"": [393, 219, 523, 187], ""feedback"": ""WOW! This was intense!""}",63b0b5cfc9252404951ac395,1
Verdict with Ted Cruz,Border Chaos: LIVE from the Border...14 Minutes after Title 42 Expires-with Border Patrol Union President Brandon Judd,"{""SPEAKER_00"": """", ""SPEAKER_01"": """", ""SPEAKER_03"": """", ""SPEAKER_02"": """"}","{""political"": null}",615ddab1e4f013092538b6c5,0
Verdict with Ted Cruz,Border Chaos: LIVE from the Border...14 Minutes after Title 42 Expires-with Border Patrol Union President Brandon Judd,"{""SPEAKER_00"": """", ""SPEAKER_01"": """", ""SPEAKER_03"": """", ""SPEAKER_02"": """"}","{""political"": null}",6296290ec41bde1525dbb77e,0
Verdict with Ted Cruz,Border Chaos: LIVE from the Border...14 Minutes after Title 42 Expires-with Border Patrol Union President Brandon Judd,"{""SPEAKER_00"": """", ""SPEAKER_01"": """", ""SPEAKER_03"": """", ""SPEAKER_02"": """"}","{""political"": null}",5cc8039e3ef93000171c96b8,0
Verdict with Ted Cruz,Border Chaos: LIVE from the Border...14 Minutes after Title 42 Expires-with Border Patrol Union President Brandon Judd,"{""SPEAKER_00"": ""Ted Cruz"", ""SPEAKER_01"": ""Brandon Judd"", ""SPEAKER_03"": ""unknown "", ""SPEAKER_02"": ""Ben""}","{""political"": null}",59a88f5b321f870001d16d68,0
Verdict with Ted Cruz,Border Chaos: LIVE from the Border...14 Minutes after Title 42 Expires-with Border Patrol Union President Brandon Judd,"{""SPEAKER_00"": ""Advertising Announcer"", ""SPEAKER_01"": ""Ben Ferguson"", ""SPEAKER_03"": ""Ted Cruz"", ""SPEAKER_02"": ""Brandon Judd""}","{""political"": null, ""attention"": [540, 554, 408], ""feedback"": ""I thought this was pretty simple once I got the hang of it. I would do this again if given the opportunity. Thanks!""}",55519750fdf99b7f2114cc3e,1
Verdict with Ted Cruz,Bombshell Durham Report Vindicates Trump!,"{""SPEAKER_01"": """", ""SPEAKER_03"": """", ""SPEAKER_00"": """", ""SPEAKER_06"": """", ""SPEAKER_04"": """", ""SPEAKER_05"": """", ""SPEAKER_02"": """"}","{""political"": null}",63fcefec094f31b9a70bc2c0,0
Verdict with Ted Cruz,Bombshell Durham Report Vindicates Trump!,"{""SPEAKER_01"": """", ""SPEAKER_03"": """", ""SPEAKER_00"": """", ""SPEAKER_06"": """", ""SPEAKER_04"": """", ""SPEAKER_05"": """", ""SPEAKER_02"": """"}","{""political"": null}",63fcefec094f31b9a70bc2c0,0
Verdict with Ted Cruz,Bombshell Durham Report Vindicates Trump!,"{""SPEAKER_01"": """", ""SPEAKER_03"": """", ""SPEAKER_00"": """", ""SPEAKER_06"": """", ""SPEAKER_04"": """", ""SPEAKER_05"": """", ""SPEAKER_02"": """"}","{""political"": null}",63fcefec094f31b9a70bc2c0,0
Verdict with Ted Cruz,Bombshell Durham Report Vindicates Trump!,"{""SPEAKER_01"": """", ""SPEAKER_03"": """", ""SPEAKER_00"": """", ""SPEAKER_06"": """", ""SPEAKER_04"": """", ""SPEAKER_05"": """", ""SPEAKER_02"": """"}","{""political"": null}",5dd8ec99670d1a871b3e80a0,0
Verdict with Ted Cruz,Bombshell Durham Report Vindicates Trump!,"{""SPEAKER_01"": """", ""SPEAKER_03"": """", ""SPEAKER_00"": """", ""SPEAKER_06"": """", ""SPEAKER_04"": """", ""SPEAKER_05"": """", ""SPEAKER_02"": """"}","{""political"": null}",5ee98d107b7e63000b9e42b9,0
Verdict with Ted Cruz,Bombshell Durham Report Vindicates Trump!,"{""SPEAKER_01"": """", ""SPEAKER_03"": """", ""SPEAKER_00"": """", ""SPEAKER_06"": """", ""SPEAKER_04"": """", ""SPEAKER_05"": """", ""SPEAKER_02"": """"}","{""political"": null}",62eed9e3e4c704bcef237b74,0
Verdict with Ted Cruz,Bombshell Durham Report Vindicates Trump!,"{""SPEAKER_01"": """", ""SPEAKER_03"": """", ""SPEAKER_00"": """", ""SPEAKER_06"": """", ""SPEAKER_04"": """", ""SPEAKER_05"": """", ""SPEAKER_02"": """"}","{""political"": null}",646ac23a44fc0c275d02a0a0,0
Verdict with Ted Cruz,Bombshell Durham Report Vindicates Trump!,"{""SPEAKER_01"": ""Advertising announcer"", ""SPEAKER_03"": ""Ben Ferguson"", ""SPEAKER_00"": ""Nancy Pelosi"", ""SPEAKER_06"": ""Ted Cruz"", ""SPEAKER_04"": ""Hilary Clinton"", ""SPEAKER_05"": ""Interviewer"", ""SPEAKER_02"": ""Jake Tapper""}","{""political"": null}",6100ac178a474bfcc555379b,1
Verdict with Ted Cruz,Bombshell Durham Report Vindicates Trump!,"{""SPEAKER_01"": ""Ben Ferguson"", ""SPEAKER_03"": ""Ben Ferguson"", ""SPEAKER_00"": ""external advertising"", ""SPEAKER_06"": ""Ted Cruz"", ""SPEAKER_04"": ""Ted Cruz"", ""SPEAKER_05"": ""Ben Ferguson"", ""SPEAKER_02"": ""Nancy Peosi""}","{""political"": null}",56fb36ca34a0d3000b1a5701,0
Wolfgang Wee Uncut,"Sanna Sarromaa | Maskulin vs Feminin, Følelser, Skolen, Elevers Makt, Tonje Brenna, De Uvaksinerte","{""SPEAKER_02"": """", ""SPEAKER_00"": """", ""SPEAKER_03"": """", ""SPEAKER_01"": """"}","{""political"": null}",Adam,0
Wolfgang Wee Uncut,"Asle Toje | India Spesial | East India Company, Supermakt, Sexgaten GB Road, Vekst, Uro langs grensene til Kina og Pakistan","{""SPEAKER_00"": """", ""SPEAKER_01"": """"}","{""political"": null}",Adam,0
Wolfgang Wee Uncut,"Anders Nordstad | Norske Matsystemet, Høye matpriser, Dårlig Utvalg, EMV-produkter, Prosessert Mat, De Tre Store: Coop vs Norgesgruppen vs Rema, Norsk Selvforsyning","{""SPEAKER_03"": """", ""SPEAKER_00"": """", ""SPEAKER_01"": """", ""SPEAKER_02"": """"}","{""political"": null}",Adam,0
ZOE Science & Nutrition,"Why eating nuts makes you healthier, according to science","{""SPEAKER_01"": """", ""SPEAKER_00"": """"}",,63fcefec094f31b9a70bc2c0,0
ZOE Science & Nutrition,"Why eating nuts makes you healthier, according to science","{""SPEAKER_01"": """", ""SPEAKER_00"": """"}",,63fcefec094f31b9a70bc2c0,0
ZOE Science & Nutrition,"Why eating nuts makes you healthier, according to science","{""SPEAKER_01"": """", ""SPEAKER_00"": """"}",,63fcefec094f31b9a70bc2c0,0
ZOE Science & Nutrition,"Why eating nuts makes you healthier, according to science","{""SPEAKER_01"": """", ""SPEAKER_00"": """"}","{""political"": null}",63fcefec094f31b9a70bc2c0,0
ZOE Science & Nutrition,"Why eating nuts makes you healthier, according to science","{""SPEAKER_01"": ""Jonathan Wolfe"", ""SPEAKER_00"": ""Dr. Sarah Berry""}","{""political"": null, ""attention"": [144, 8], ""feedback"": ""1. Statement 95, I wasn't sure whether he said Stroh or meant strokes. (As I'm unfamiliar with medical terminology.) 2. Also, where there is an attention check, I deleted what was in the text box and typed in what I heard i.e. \""This is an attention check.\"" I left the speaker IDs as they are.""}",5cba90cdc73d690019202268,1
ZOE Science & Nutrition,"Why eating nuts makes you healthier, according to science","{""SPEAKER_01"": ""Sarah Berry"", ""SPEAKER_00"": ""Jonathon Wolfe""}","{""political"": null, ""attention"": [5, 134], ""feedback"": ""I had to go over this podcast TWICE as the approve original shortcut of 'A' didn't always work. Very frustrating!""}",5fdc7dcf2f3c001d9dd1fff5,1
ZOE Science & Nutrition,"Why eating nuts makes you healthier, according to science","{""SPEAKER_01"": ""Jonathan Wolfe"", ""SPEAKER_00"": ""Sarah Berry""}","{""political"": null}",63eae4994d8e22b28bccb864,1
ZOE Science & Nutrition,The surprising health impact of eating too fast,"{""SPEAKER_00"": """", ""SPEAKER_01"": """"}",,63fcefec094f31b9a70bc2c0,0
ZOE Science & Nutrition,The surprising health impact of eating too fast,"{""SPEAKER_00"": ""Jonathan Wolfe"", ""SPEAKER_01"": ""Dr. Sarah Berry""}","{""political"": null}",60db30cbbbee552378774e50,1
ZOE Science & Nutrition,The surprising health impact of eating too fast,"{""SPEAKER_00"": ""Jonathan Wolf"", ""SPEAKER_01"": ""Dr. Sarah Berry""}","{""political"": null, ""attention"": [156, 1], ""feedback"": ""I marked the \""This is an attention check\"" statements as unsure as none of the instructions told me what to do for these. There were a total of 2 of these statements, one at the start and one near the end. The rest of the annotation went well and I would be happy to do these again. Thanks""}",5f91109727479322caa512ad,1
ZOE Science & Nutrition,Omega-3 supplements: why you're (probably) wasting your money,"{""SPEAKER_01"": """", ""SPEAKER_00"": """"}",,63fcefec094f31b9a70bc2c0,0
ZOE Science & Nutrition,Omega-3 supplements: why you're (probably) wasting your money,"{""SPEAKER_01"": """", ""SPEAKER_00"": """"}","{""political"": null}",63fcefec094f31b9a70bc2c0,0
ZOE Science & Nutrition,Omega-3 supplements: why you're (probably) wasting your money,"{""SPEAKER_01"": ""Jonathan Wolfe"", ""SPEAKER_00"": ""Dr. Sarah Berry""}","{""political"": null, ""attention"": [61, 82], ""feedback"": ""There were two attention checks. I did not know what to put for them. For the first one, I just put \""This is an attention check\"" and for the second one at the end, I just left the statement as is.""}",611621e6401786a6afb64a21,1
ZOE Science & Nutrition,Omega-3 supplements: why you're (probably) wasting your money,"{""SPEAKER_01"": """", ""SPEAKER_00"": """"}","{""political"": null}",5aca8df5436f550001000d03,0
ZOE Science & Nutrition,Omega-3 supplements: why you're (probably) wasting your money,"{""SPEAKER_01"": ""Sarah Berry"", ""SPEAKER_00"": ""Jonathan Wolfe""}","{""political"": null, ""attention"": [76, 54], ""feedback"": ""Only 'unsure' edit was because I wasn't familiar with the terms they used. Very impressive if the rest was all AI generated though, only noticed one small mistake when he thanked Sarah and it got 'sorry' instead. I would say that it wasn't clear if I was meant to overwrite the original with the 'attention check' questions too.. I did, but it does break the transcript for you :/ ""}",63d042d6aa93be30278f9648,1
